#{"t_start": 1646882393.5500185, "env_id": "SuperMarioBros-v0"}
r,l,t
1408,8865,212.923659
396,24062,668.305714
1801,12517,952.653059
926,9521,1116.712869
