#{"t_start": 1646881571.8612323, "env_id": "SuperMarioBros-v0"}
r,l,t
2567,6053,57.501634
